{"mean": 0.23536633704333934, "std": 0.2121833577531169}